Store,Name,Price
Gaming Dragons ,Grand Theft Auto V ,10.49€ 
Gamivo ,Grand Theft Auto V ,10.50€ 
Gamerall ,Grand Theft Auto V ,10.79€ 
Eneba ,Grand Theft Auto V ,10.83€ 
Kinguin ,Grand Theft Auto V ,10.93€ 
HRKGame ,Grand Theft Auto V ,11.28€ 
Instant Gaming ,Grand Theft Auto V ,11.49€ 
G2A ,Grand Theft Auto V ,11.87€ 
Nokeys ,Grand Theft Auto V ,12.02€ 
Cdkeys Com ,Grand Theft Auto V ,12.09€ 
Durmaplay ,Grand Theft Auto V ,12.15€ 
GameLaden ,Grand Theft Auto V ,12.44€ 
SCDkey ,Grand Theft Auto V ,12.60€ 
Daxter ,Grand Theft Auto V ,12.81€ 
IGVault ,Grand Theft Auto V ,12.83€ 
MMOGA ,Grand Theft Auto V ,12.99€ 
Online Gold ,Grand Theft Auto V ,12.99€ 
Difmark ,Grand Theft Auto V ,13.12€ 
HRKGame ,Grand Theft Auto V ,13.84€ 
GamesPlanet ,Grand Theft Auto V ,13.89€ 
Whokeys ,Grand Theft Auto V ,14.06€ 
Reloook ,Grand Theft Auto V ,14.29€ 
Difmark ,Grand Theft Auto V ,14.91€ 
MMOGA ,Grand Theft Auto V ,14.99€ 
Difmark ,Grand Theft Auto V ,15.53€ 
2Game ,Grand Theft Auto V ,22.63€ 
Greenmangaming ,Grand Theft Auto V ,29.99€ 
Games Rocket ,Grand Theft Auto V ,30.52€ 
Cdkeysdeals ,Grand Theft Auto V ,31.89€ 
Difmark ,Grand Theft Auto V ,32.09€ 
Difmark ,Grand Theft Auto V ,40.66€ 
Amazon ,Grand Theft Auto V ,53.09€ 
